{"v":"5.7.7","fr":30,"ip":0,"op":30,"w":150,"h":150,"nm":"圈 单独","ddd":0,"assets":[],"layers":[{"ddd":0,"ind":1,"ty":4,"nm":"圈","sr":1,"ks":{"o":{"a":0,"k":100,"ix":11},"r":{"a":0,"k":0,"ix":10},"p":{"a":0,"k":[75,75,0],"ix":2,"l":2},"a":{"a":0,"k":[75,75,0],"ix":1,"l":2},"s":{"a":0,"k":[100,100,100],"ix":6,"l":2}},"ao":0,"shapes":[{"ty":"gr","it":[{"ind":0,"ty":"sh","ix":1,"ks":{"a":0,"k":{"i":[[0,-39.968],[39.968,0],[0,39.968],[-39.968,0]],"o":[[0,39.968],[-39.968,0],[0,-39.968],[39.968,0]],"v":[[72.368,0],[0,72.368],[-72.368,0],[0,-72.368]],"c":true},"ix":2},"nm":"路径 1","mn":"ADBE Vector Shape - Group","hd":false},{"ty":"tm","s":{"a":1,"k":[{"i":{"x":[0.76],"y":[1]},"o":{"x":[0.75],"y":[0]},"t":8,"s":[0]},{"t":17.4541015625,"s":[50]}],"ix":1},"e":{"a":1,"k":[{"i":{"x":[0.25],"y":[1]},"o":{"x":[0.24],"y":[0]},"t":0,"s":[0]},{"t":9.4541015625,"s":[50]}],"ix":2},"o":{"a":1,"k":[{"i":{"x":[0.4],"y":[1]},"o":{"x":[0.6],"y":[0]},"t":0,"s":[-90]},{"t":16,"s":[450]}],"ix":3},"m":1,"ix":2,"nm":"修剪路径 1","mn":"ADBE Vector Filter - Trim","hd":false},{"ty":"st","c":{"a":0,"k":[0.501960784314,0.501960784314,0.501960784314,1],"ix":3},"o":{"a":0,"k":100,"ix":4},"w":{"a":0,"k":4.49,"ix":5},"lc":2,"lj":1,"ml":4,"bm":0,"nm":"描边 1","mn":"ADBE Vector Graphic - Stroke","hd":false},{"ty":"tr","p":{"a":0,"k":[75,75],"ix":2},"a":{"a":0,"k":[0,0],"ix":1},"s":{"a":0,"k":[100,100],"ix":3},"r":{"a":0,"k":0,"ix":6},"o":{"a":0,"k":100,"ix":7},"sk":{"a":0,"k":0,"ix":4},"sa":{"a":0,"k":0,"ix":5},"nm":"变换"}],"nm":"组 1","np":3,"cix":2,"bm":0,"ix":1,"mn":"ADBE Vector Group","hd":false}],"ip":0,"op":30,"st":0,"bm":0}],"markers":[]}